university_id,university,founded_year,official_website,official_history_url,history_note,metadata_source,history_source,wikidata_qid,refreshed_at
1,Universidad Argentina de la Empresa (UADE),,,,,,,,
2,"Universidad Austral, Campus Pilar and Campus Buenos Aires",,,,,,,,
3,"Universidad Austral, Campus Rosario",,,,,,,,
4,Universidad Torcuato di Tella (UTDT),,,,,,,,
5,Australian National University,,,,,,,,
6,Bond University,,,,,,,,
7,Curtin University,,,,,,,,
8,Deakin University,,,,,,,,
9,Griffith University,,,,,,,,
10,La Trobe University,,,,,,,,
11,Macquarie University,,,,,,,,
12,Monash University,,,,,,,,
13,Queensland University of Technology,,,,,,,,
14,Swinburne University of Technology,,,,,,,,
15,University of Melbourne,,,,,,,,
16,University of New South Wales,,,,,,,,
17,University of Newcastle,,,,,,,,
18,University of Queensland,,,,,,,,
19,University of Sydney,,,,,,,,
20,"University of Technology, Sydney",,,,,,,,
21,University of Western Australia,,,,,,,,
22,Leopold-Franzens-Universität Innsbruck,,,,,,,,
23,Universität Wien,,,,,,,,
24,Wirtschaftsuniversität Wien,,,,,,,,
25,ICHEC - Brussels Management School,,,,,,,,
26,KU Leuven,,,,,,,,
27,Fundação Getulio Vargas (FGV-EAESP),,,,,,,,
28,INSPER,,,,,,,,
29,Concordia University,,,,,,,,
30,Dalhousie University,,,,,,,,
31,HEC Montréal,,,,,,,,
32,McGill University,,,,,,,,
33,Queen's University,,,,,,,,
34,Toronto Metropolitan University,,,,,,,,
35,Simon Fraser University,,,,,,,,
36,Université Laval,,,,,,,,
37,University of Alberta,,,,,,,,
38,University of British Columbia,,,,,,,,
39,University of Calgary,,,,,,,,
40,University of Ottawa,,,,,,,,
41,University of Toronto,,,,,,,,
42,University of Victoria,,,,,,,,
43,Western University,,,,,,,,
44,Pontificia Universidad Católica de Chile,,,,,,,,
45,Universidad de Chile,,,,,,,,
46,"Universidad del Desarrollo (UDD), Campus Santiago",,,,,,,,
47,Fudan University,,,,,,,,
48,Peking University,,,,,,,,
49,Shanghai Jiao Tong University,,,,,,,,
50,Shanghai University of Finance and Economics,,,,,,,,
51,"The Chinese University of Hong Kong, Campus Shenzhen (CUHKSZ)",,,,,,,,
52,Tongji University,,,,,,,,
53,Tsinghua University,,,,,,,,
54,University of International Business and Economics (UIBE),,,,,,,,
55,"University of Nottingham Ningbo, China",,,,,,,,
56,Universidad De Los Andes,,,,,,,,
57,Universidad EAFIT,,,,,,,,
58,American University in Cairo,,,,,,,,
59,Estonian Business School,,,,,,,,
60,University of the Faroe Islands,,,,,,,,
61,Hanken School of Economics,,,,,,,,
62,Aalto University,,,,,,,,
63,Audencia Business School,,,,,,,,
64,Ecole de Management de Lyon,,,,,,,,
65,EDHEC Business School,,,,,,,,
66,EDHEC Business School,,,,,,,,
67,ESSEC Business School,,,,,,,,
68,Grenoble Ecole de Management,,,,,,,,
69,HEC Paris,,,,,,,,
70,IÉSEG School of Management,,,,,,,,
71,INSEEC Grande Ecole,,,,,,,,
72,ISC Paris School of Management,,,,,,,,
73,Kedge Business School,,,,,,,,
74,Kedge Business School,,,,,,,,
75,Paris School of Business,,,,,,,,
76,Rennes School of Business,,,,,,,,
77,Sciences Po (Institut d'Etudes Politiques de Paris),,,,,,,,
78,Sciences Po (Institut d'Etudes Politiques de Paris),,,,,,,,
79,Toulouse Business School,,,,,,,,
80,Université Catholique de Lyon,,,,,,,,
81,Université de Strasbourg,,,,,,,,
82,Université Paris Dauphine,,,,,,,,
83,Université Toulouse Capitole,,,,,,,,
84,Frankfurt School of Finance and Management,,,,,,,,
85,Freie Universität Berlin,,,,,,,,
86,Humboldt-Universität zu Berlin,,,,,,,,
87,Johann Wolfgang Goethe Universität,,,,,,,,
88,Ludwig-Maximilians-Universität München,,,,,,,,
89,Technische Universität München,,,,,,,,
90,Universität Hamburg,,,,,,,,
91,Universität Mannheim,,,,,,,,
92,Universität zu Köln,,,,,,,,
93,Universität Münster,,,,,,,,
94,WHU,,,,,,,,
95,Zeppelin University,,,,,,,,
96,Athens University of Economics & Business - AUEB,,,,,,,,
97,Greenland University,,,,,,,,
98,City University of Hong Kong (CityU),,,,,,,,
99,Hong Kong Baptist University,,,,,,,,
100,The Chinese University of Hong Kong (CUHK),,,,,,,,
101,The Hong Kong Polytechnic University,,,,,,,,
102,The Hong Kong University of Science and Technology (HKUST),,,,,,,,
103,The University of Hong Kong (HKU),,,,,,,,
104,Reykjavik University,,,,,,,,
105,University of Iceland,,,,,,,,
106,Universitas Gadjah Mada,,,,,,,,
107,University College Cork,,,,,,,,
108,University College Dublin,,,,,,,,
109,University of Limerick,,,,,,,,
110,Reichman University (IDC Herzliya),,,,,,,,
111,Libera Università Internazionale degli Studi Sociali (LUISS) 'Guido Carli',,,,,,,,
112,Università Ca' Foscari Venezia,,,,,,,,
113,Università Commerciale Luigi Bocconi,,,,,,,,
114,Università degli Studi di Bologna 'Alma Mater Studiorum',,,,,,,,
115,Università degli Studi di Bologna 'Alma Mater Studiorum',,,,,,,,
116,Università degli Studi di Torino,,,,,,,,
117,Hitotsubashi University,,,,,,,,
118,Keio University,,,,,,,,
119,NUCB Undergraduate School,,,,,,,,
120,Rikkyo University,,,,,,,,
121,Ritsumeikan Asia Pacific University,,,,,,,,
122,Ritsumeikan University,,,,,,,,
123,Waseda University,,,,,,,,
124,Vilnius University,,,,,,,,
125,Monash University Malaysia,,,,,,,,
126,University of Malaya,,,,,,,,
127,Instituto Tecnológico Autónomo de México (ITAM),,,,,,,,
128,"Tec de Monterrey, Campus Guadalajara",,,,,,,,
129,"Tec de Monterrey, Campus Mexico City",,,,,,,,
130,"Tec de Monterrey, Campus Monterrey",,,,,,,,
131,"Tec de Monterrey, Campus Querétaro",,,,,,,,
132,"Tec de Monterrey, Campus Santa Fe",,,,,,,,
133,Al Akhawayn University,,,,,,,,
134,Rabat Business School,,,,,,,,
135,Erasmus Universiteit Rotterdam,,,,,,,,
136,Maastricht University,,,,,,,,
137,Radboud Universiteit Nijmegen,,,,,,,,
138,Tilburg University,,,,,,,,
139,Universiteit Utrecht,,,,,,,,
140,Universiteit van Amsterdam,,,,,,,,
141,University of Groningen,,,,,,,,
142,Vrije Universiteit Amsterdam,,,,,,,,
143,Auckland University of Technology,,,,,,,,
144,Lincoln University,,,,,,,,
145,University of Canterbury,,,,,,,,
146,University of Otago,,,,,,,,
147,Victoria University of Wellington,,,,,,,,
148,BI Norwegian Business School,,,,,,,,
149,Norwegian School of Economics,,,,,,,,
150,Universidad ESAN,,,,,,,,
151,Universidad San Ignacio de Loyola (USIL),,,,,,,,
152,Kozminski University,,,,,,,,
153,ISCTE - Instituto Universitário de Lisboa,,,,,,,,
154,Universidade Católica Portuguesa,,,,,,,,
155,Universidade Católica Portuguesa,,,,,,,,
156,Universidade de Lisboa,,,,,,,,
157,Universidade Nova de Lisboa,,,,,,,,
158,Nanyang Technological University,,,,,,,,
159,National University of Singapore,,,,,,,,
160,Singapore Management University,,,,,,,,
161,University of Ljubljana,,,,,,,,
162,Chung-Ang University,,,,,,,,
163,Ewha Womans University,,,,,,,,
164,Korea University,,,,,,,,
165,Korea University,,,,,,,,
166,Yonsei University,,,,,,,,
167,IE University,,,,,,,,
168,Universidad Carlos III de Madrid,,,,,,,,
169,Universidad CEU San Pablo,,,,,,,,
170,"Universidad de Deusto, Campus Bilbao",,,,,,,,
171,"Universidad de Deusto, Campus San Sebastian",,,,,,,,
172,Universidad de Navarra,,,,,,,,
173,Universidad Pontificia Comillas de Madrid (ICADE),,,,,,,,
174,Universidad Rey Juan Carlos,,,,,,,,
175,Universitat Autònoma de Barcelona (UAB),,,,,,,,
176,Universitat de Barcelona,,,,,,,,
177,Universitat de València,,,,,,,,
178,Universitat Pompeu Fabra,,,,,,,,
179,Universitat Pompeu Fabra,,,,,,,,
180,Universitat Ramon Llull,,,,,,,,
181,Universitat Ramon Llull,,,,,,,,
182,Lund University,,,,,,,,
183,Stockholm School of Economics,,,,,,,,
184,Stockholm University,,,,,,,,
185,University of Gothenburg,,,,,,,,
186,Uppsala universitet,,,,,,,,
187,Université de Genève,,,,,,,,
188,Université de Lausanne,,,,,,,,
189,Universität Bern,,,,,,,,
190,Universität St. Gallen,,,,,,,,
191,Universität Zürich,,,,,,,,
192,National Chengchi University (NCCU),,,,,,,,
193,National Taiwan University (NTU),,,,,,,,
194,Soochow University,,,,,,,,
195,Chulalongkorn University,,,,,,,,
196,Chulalongkorn University,,,,,,,,
197,Thammasat University,,,,,,,,
198,Istanbul Bilgi University,,,,,,,,
199,Koc University,,,,,,,,
200,Sabanci University,,,,,,,,
201,Aston University,,,,,,,,
202,Cardiff University,,,,,,,,
203,"City St. George's, University of London",,,,,,,,
204,"European Business School (EBS) London, Regent's University London",,,,,,,,
205,King's College London,,,,,,,,
206,London Metropolitan University,,,,,,,,
207,Oxford Brookes University,,,,,,,,
208,Regent's University London,,,,,,,,
209,The University of Manchester,,,,,,,,
210,University of Aberdeen,,,,,,,,
211,University of Bath,,,,,,,,
212,University of Bristol,,,,,,,,
213,University of Edinburgh,,,,,,,,
214,University of Essex,,,,,,,,
215,University of Exeter,,,,,,,,
216,University of Glasgow,,,,,,,,
217,University of Leeds,,,,,,,,
218,University of Leicester,,,,,,,,
219,University of Liverpool,,,,,,,,
220,University of Sheffield,,,,,,,,
221,University of Sheffield,,,,,,,,
222,University of Strathclyde Glasgow,,,,,,,,
223,University of Warwick,,,,,,,,
224,University of Westminster,,,,,,,,
225,University of Westminster,,,,,,,,
226,Arizona State University,,,,,,,,
227,Babson College,,,,,,,,
228,Bentley University,,,,,,,,
229,Boston College,,,,,,,,
230,Boston University,,,,,,,,
231,City University of New York,,,,,,,,
232,Cornell University,,,,,,,,
233,Cornell University,,,,,,,,
234,Emory University,,,,,,,,
235,George Washington University,,,,,,,,
236,Indiana University,,,,,,,,
237,New York University,,,,,,,,
238,North Carolina State University,,,,,,,,
239,Ohio State University,,,,,,,,
240,Purdue University,,,,,,,,
241,"State University of New York, Stony Brook",,,,,,,,
242,Texas A&M University,,,,,,,,
243,Tulane University,,,,,,,,
244,University of Hawaii at Manoa,,,,,,,,
245,University of Maryland,,,,,,,,
246,University of Michigan,,,,,,,,
247,"University of Minnesota, Twin Cities",,,,,,,,
248,University of North Carolina at Chapel Hill,,,,,,,,
249,University of Pennsylvania,,,,,,,,
250,University of Richmond,,,,,,,,
251,University of South Carolina,,,,,,,,
252,University of Southern California,,,,,,,,
253,University of Texas at Austin,,,,,,,,
254,University of Washington,,,,,,,,
255,University of Wisconsin - La Crosse,,,,,,,,
256,University of Wisconsin - Madison,,,,,,,,
257,Universidad Católica del Uruguay,,,,,,,,
258,Universidad de Montevideo,,,,,,,,
